Invigilator\TimeSlot,1,2,3
Abigail Bennett,1,-,13
Alexander Carter,-,-,-
Amelia Davis,4,-,-
Andrew Edwards,-,9,-
Benjamin Foster,-,-,-
Charlotte Gray,-,5,-
Daniel Harris,0,-,11
David Howard,-,8,-
Edward Jackson,-,-,-
Eleanor Johnson,-,6,-
Elizabeth King,-,-,-
Emily Lewis,-,9,-
Emma Martin,-,-,-
Ethan Miller,-,-,-
George Nelson,0,-,10
Grace Parker,-,-,13
Hannah Phillips,4,-,-
Henry Roberts,-,8,-
Isabella Scott,-,-,10
Jack Smith,-,7,-
James Taylor,-,-,12
John Thompson,-,-,-
Lily Turner,-,-,-
Lucas Walker,-,7,-
Matthew White,1,-,12
Mia Wilson,-,5,-
Noah Wood,-,-,-
Olivia Wright,-,6,-
Samuel Young,4,-,-
William Evans,-,-,11
